#filename,file_size,file_attributes,region_count,region_id,region_shape_attributes,region_attributes
001_frontal.jpg,1073078,"{}",6,0,"{""name"":""point"",""cx"":1129,""cy"":658}","{}"
001_frontal.jpg,1073078,"{}",6,1,"{""name"":""point"",""cx"":1136,""cy"":1701}","{}"
001_frontal.jpg,1073078,"{}",6,2,"{""name"":""point"",""cx"":983,""cy"":1148}","{}"
001_frontal.jpg,1073078,"{}",6,3,"{""name"":""point"",""cx"":1281,""cy"":1143}","{}"
001_frontal.jpg,1073078,"{}",6,4,"{""name"":""point"",""cx"":1024,""cy"":1455}","{}"
001_frontal.jpg,1073078,"{}",6,5,"{""name"":""point"",""cx"":1263,""cy"":1442}","{}"
002_frontal.jpg,957394,"{}",6,0,"{""name"":""point"",""cx"":1056,""cy"":619}","{}"
002_frontal.jpg,957394,"{}",6,1,"{""name"":""point"",""cx"":1092,""cy"":1555}","{}"
002_frontal.jpg,957394,"{}",6,2,"{""name"":""point"",""cx"":941,""cy"":1066}","{}"
002_frontal.jpg,957394,"{}",6,3,"{""name"":""point"",""cx"":1218,""cy"":1054}","{}"
002_frontal.jpg,957394,"{}",6,4,"{""name"":""point"",""cx"":990,""cy"":1348}","{}"
002_frontal.jpg,957394,"{}",6,5,"{""name"":""point"",""cx"":1177,""cy"":1341}","{}"
003_frontal.jpg,1193086,"{}",6,0,"{""name"":""point"",""cx"":1038,""cy"":632}","{}"
003_frontal.jpg,1193086,"{}",6,1,"{""name"":""point"",""cx"":1069,""cy"":1622}","{}"
003_frontal.jpg,1193086,"{}",6,2,"{""name"":""point"",""cx"":921,""cy"":1126}","{}"
003_frontal.jpg,1193086,"{}",6,3,"{""name"":""point"",""cx"":1208,""cy"":1115}","{}"
003_frontal.jpg,1193086,"{}",6,4,"{""name"":""point"",""cx"":959,""cy"":1422}","{}"
003_frontal.jpg,1193086,"{}",6,5,"{""name"":""point"",""cx"":1176,""cy"":1416}","{}"
004_frontal.jpg,1187877,"{}",6,0,"{""name"":""point"",""cx"":1085,""cy"":806}","{}"
004_frontal.jpg,1187877,"{}",6,1,"{""name"":""point"",""cx"":1071,""cy"":1857}","{}"
004_frontal.jpg,1187877,"{}",6,2,"{""name"":""point"",""cx"":948,""cy"":1330}","{}"
004_frontal.jpg,1187877,"{}",6,3,"{""name"":""point"",""cx"":1225,""cy"":1332}","{}"
004_frontal.jpg,1187877,"{}",6,4,"{""name"":""point"",""cx"":976,""cy"":1648}","{}"
004_frontal.jpg,1187877,"{}",6,5,"{""name"":""point"",""cx"":1185,""cy"":1641}","{}"
005_frontal.jpg,943261,"{}",6,0,"{""name"":""point"",""cx"":1024,""cy"":811}","{}"
005_frontal.jpg,943261,"{}",6,1,"{""name"":""point"",""cx"":1188,""cy"":1931}","{}"
005_frontal.jpg,943261,"{}",6,2,"{""name"":""point"",""cx"":983,""cy"":1404}","{}"
005_frontal.jpg,943261,"{}",6,3,"{""name"":""point"",""cx"":1281,""cy"":1386}","{}"
005_frontal.jpg,943261,"{}",6,4,"{""name"":""point"",""cx"":1057,""cy"":1764}","{}"
005_frontal.jpg,943261,"{}",6,5,"{""name"":""point"",""cx"":1271,""cy"":1741}","{}"
006_frontal.jpg,1110458,"{}",6,0,"{""name"":""point"",""cx"":1144,""cy"":633}","{}"
006_frontal.jpg,1110458,"{}",6,1,"{""name"":""point"",""cx"":1157,""cy"":1788}","{}"
006_frontal.jpg,1110458,"{}",6,2,"{""name"":""point"",""cx"":1012,""cy"":1225}","{}"
006_frontal.jpg,1110458,"{}",6,3,"{""name"":""point"",""cx"":1326,""cy"":1217}","{}"
006_frontal.jpg,1110458,"{}",6,4,"{""name"":""point"",""cx"":1025,""cy"":1571}","{}"
006_frontal.jpg,1110458,"{}",6,5,"{""name"":""point"",""cx"":1284,""cy"":1576}","{}"
007_frontal.jpg,1145561,"{}",6,0,"{""name"":""point"",""cx"":1162,""cy"":723}","{}"
007_frontal.jpg,1145561,"{}",6,1,"{""name"":""point"",""cx"":1219,""cy"":1818}","{}"
007_frontal.jpg,1145561,"{}",6,2,"{""name"":""point"",""cx"":1024,""cy"":1275}","{}"
007_frontal.jpg,1145561,"{}",6,3,"{""name"":""point"",""cx"":1328,""cy"":1260}","{}"
007_frontal.jpg,1145561,"{}",6,4,"{""name"":""point"",""cx"":1035,""cy"":1556}","{}"
007_frontal.jpg,1145561,"{}",6,5,"{""name"":""point"",""cx"":1359,""cy"":1535}","{}"
008_frontal.jpg,1059533,"{}",6,0,"{""name"":""point"",""cx"":972,""cy"":885}","{}"
008_frontal.jpg,1059533,"{}",6,1,"{""name"":""point"",""cx"":978,""cy"":1962}","{}"
008_frontal.jpg,1059533,"{}",6,2,"{""name"":""point"",""cx"":812,""cy"":1427}","{}"
008_frontal.jpg,1059533,"{}",6,3,"{""name"":""point"",""cx"":1132,""cy"":1427}","{}"
008_frontal.jpg,1059533,"{}",6,4,"{""name"":""point"",""cx"":868,""cy"":1782}","{}"
008_frontal.jpg,1059533,"{}",6,5,"{""name"":""point"",""cx"":1088,""cy"":1763}","{}"
009_frontal.jpg,1133984,"{}",6,0,"{""name"":""point"",""cx"":1046,""cy"":928}","{}"
009_frontal.jpg,1133984,"{}",6,1,"{""name"":""point"",""cx"":1057,""cy"":2087}","{}"
009_frontal.jpg,1133984,"{}",6,2,"{""name"":""point"",""cx"":899,""cy"":1481}","{}"
009_frontal.jpg,1133984,"{}",6,3,"{""name"":""point"",""cx"":1204,""cy"":1462}","{}"
009_frontal.jpg,1133984,"{}",6,4,"{""name"":""point"",""cx"":933,""cy"":1848}","{}"
009_frontal.jpg,1133984,"{}",6,5,"{""name"":""point"",""cx"":1167,""cy"":1839}","{}"
010_frontal.jpg,1011077,"{}",6,0,"{""name"":""point"",""cx"":1051,""cy"":998}","{}"
010_frontal.jpg,1011077,"{}",6,1,"{""name"":""point"",""cx"":1126,""cy"":2218}","{}"
010_frontal.jpg,1011077,"{}",6,2,"{""name"":""point"",""cx"":920,""cy"":1593}","{}"
010_frontal.jpg,1011077,"{}",6,3,"{""name"":""point"",""cx"":1245,""cy"":1585}","{}"
010_frontal.jpg,1011077,"{}",6,4,"{""name"":""point"",""cx"":978,""cy"":1977}","{}"
010_frontal.jpg,1011077,"{}",6,5,"{""name"":""point"",""cx"":1233,""cy"":1951}","{}"
011_frontal.jpg,1408353,"{}",6,0,"{""name"":""point"",""cx"":1110,""cy"":689}","{}"
011_frontal.jpg,1408353,"{}",6,1,"{""name"":""point"",""cx"":1118,""cy"":1871}","{}"
011_frontal.jpg,1408353,"{}",6,2,"{""name"":""point"",""cx"":945,""cy"":1264}","{}"
011_frontal.jpg,1408353,"{}",6,3,"{""name"":""point"",""cx"":1264,""cy"":1250}","{}"
011_frontal.jpg,1408353,"{}",6,4,"{""name"":""point"",""cx"":1008,""cy"":1605}","{}"
011_frontal.jpg,1408353,"{}",6,5,"{""name"":""point"",""cx"":1242,""cy"":1594}","{}"
012_frontal.jpg,950932,"{}",6,0,"{""name"":""point"",""cx"":1075,""cy"":766}","{}"
012_frontal.jpg,950932,"{}",6,1,"{""name"":""point"",""cx"":1077,""cy"":1842}","{}"
012_frontal.jpg,950932,"{}",6,2,"{""name"":""point"",""cx"":936,""cy"":1302}","{}"
012_frontal.jpg,950932,"{}",6,3,"{""name"":""point"",""cx"":1229,""cy"":1289}","{}"
012_frontal.jpg,950932,"{}",6,4,"{""name"":""point"",""cx"":982,""cy"":1622}","{}"
012_frontal.jpg,950932,"{}",6,5,"{""name"":""point"",""cx"":1201,""cy"":1615}","{}"
013_frontal.jpg,1053086,"{}",6,0,"{""name"":""point"",""cx"":1120,""cy"":787}","{}"
013_frontal.jpg,1053086,"{}",6,1,"{""name"":""point"",""cx"":1095,""cy"":1867}","{}"
013_frontal.jpg,1053086,"{}",6,2,"{""name"":""point"",""cx"":924,""cy"":1343}","{}"
013_frontal.jpg,1053086,"{}",6,3,"{""name"":""point"",""cx"":1225,""cy"":1343}","{}"
013_frontal.jpg,1053086,"{}",6,4,"{""name"":""point"",""cx"":988,""cy"":1664}","{}"
013_frontal.jpg,1053086,"{}",6,5,"{""name"":""point"",""cx"":1179,""cy"":1657}","{}"
014_frontal.jpg,1470350,"{}",6,0,"{""name"":""point"",""cx"":1142,""cy"":592}","{}"
014_frontal.jpg,1470350,"{}",6,1,"{""name"":""point"",""cx"":1137,""cy"":1649}","{}"
014_frontal.jpg,1470350,"{}",6,2,"{""name"":""point"",""cx"":962,""cy"":1149}","{}"
014_frontal.jpg,1470350,"{}",6,3,"{""name"":""point"",""cx"":1283,""cy"":1131}","{}"
014_frontal.jpg,1470350,"{}",6,4,"{""name"":""point"",""cx"":1002,""cy"":1445}","{}"
014_frontal.jpg,1470350,"{}",6,5,"{""name"":""point"",""cx"":1235,""cy"":1428}","{}"
015_frontal.jpg,1124824,"{}",6,0,"{""name"":""point"",""cx"":1017,""cy"":758}","{}"
015_frontal.jpg,1124824,"{}",6,1,"{""name"":""point"",""cx"":1036,""cy"":1779}","{}"
015_frontal.jpg,1124824,"{}",6,2,"{""name"":""point"",""cx"":886,""cy"":1250}","{}"
015_frontal.jpg,1124824,"{}",6,3,"{""name"":""point"",""cx"":1163,""cy"":1248}","{}"
015_frontal.jpg,1124824,"{}",6,4,"{""name"":""point"",""cx"":921,""cy"":1577}","{}"
015_frontal.jpg,1124824,"{}",6,5,"{""name"":""point"",""cx"":1133,""cy"":1570}","{}"
016_frontal.jpg,1163811,"{}",6,0,"{""name"":""point"",""cx"":1049,""cy"":825}","{}"
016_frontal.jpg,1163811,"{}",6,1,"{""name"":""point"",""cx"":1092,""cy"":1921}","{}"
016_frontal.jpg,1163811,"{}",6,2,"{""name"":""point"",""cx"":950,""cy"":1385}","{}"
016_frontal.jpg,1163811,"{}",6,3,"{""name"":""point"",""cx"":1231,""cy"":1379}","{}"
016_frontal.jpg,1163811,"{}",6,4,"{""name"":""point"",""cx"":980,""cy"":1687}","{}"
016_frontal.jpg,1163811,"{}",6,5,"{""name"":""point"",""cx"":1196,""cy"":1669}","{}"
017_frontal.jpg,996213,"{}",6,0,"{""name"":""point"",""cx"":1066,""cy"":697}","{}"
017_frontal.jpg,996213,"{}",6,1,"{""name"":""point"",""cx"":1085,""cy"":1780}","{}"
017_frontal.jpg,996213,"{}",6,2,"{""name"":""point"",""cx"":970,""cy"":1232}","{}"
017_frontal.jpg,996213,"{}",6,3,"{""name"":""point"",""cx"":1254,""cy"":1246}","{}"
017_frontal.jpg,996213,"{}",6,4,"{""name"":""point"",""cx"":1007,""cy"":1570}","{}"
017_frontal.jpg,996213,"{}",6,5,"{""name"":""point"",""cx"":1195,""cy"":1585}","{}"
018_frontal.jpg,1009099,"{}",6,0,"{""name"":""point"",""cx"":974,""cy"":587}","{}"
018_frontal.jpg,1009099,"{}",6,1,"{""name"":""point"",""cx"":973,""cy"":1644}","{}"
018_frontal.jpg,1009099,"{}",6,2,"{""name"":""point"",""cx"":819,""cy"":1073}","{}"
018_frontal.jpg,1009099,"{}",6,3,"{""name"":""point"",""cx"":1137,""cy"":1079}","{}"
018_frontal.jpg,1009099,"{}",6,4,"{""name"":""point"",""cx"":870,""cy"":1413}","{}"
018_frontal.jpg,1009099,"{}",6,5,"{""name"":""point"",""cx"":1089,""cy"":1410}","{}"
019_frontal.jpg,1035257,"{}",6,0,"{""name"":""point"",""cx"":1012,""cy"":726}","{}"
019_frontal.jpg,1035257,"{}",6,1,"{""name"":""point"",""cx"":1067,""cy"":1737}","{}"
019_frontal.jpg,1035257,"{}",6,2,"{""name"":""point"",""cx"":877,""cy"":1214}","{}"
019_frontal.jpg,1035257,"{}",6,3,"{""name"":""point"",""cx"":1157,""cy"":1187}","{}"
019_frontal.jpg,1035257,"{}",6,4,"{""name"":""point"",""cx"":940,""cy"":1526}","{}"
019_frontal.jpg,1035257,"{}",6,5,"{""name"":""point"",""cx"":1142,""cy"":1508}","{}"
020_frontal.jpg,1165385,"{}",6,0,"{""name"":""point"",""cx"":1018,""cy"":622}","{}"
020_frontal.jpg,1165385,"{}",6,1,"{""name"":""point"",""cx"":1013,""cy"":1723}","{}"
020_frontal.jpg,1165385,"{}",6,2,"{""name"":""point"",""cx"":875,""cy"":1134}","{}"
020_frontal.jpg,1165385,"{}",6,3,"{""name"":""point"",""cx"":1156,""cy"":1144}","{}"
020_frontal.jpg,1165385,"{}",6,4,"{""name"":""point"",""cx"":887,""cy"":1444}","{}"
020_frontal.jpg,1165385,"{}",6,5,"{""name"":""point"",""cx"":1120,""cy"":1454}","{}"
021_frontal.jpg,964528,"{}",6,0,"{""name"":""point"",""cx"":1075,""cy"":726}","{}"
021_frontal.jpg,964528,"{}",6,1,"{""name"":""point"",""cx"":1114,""cy"":1694}","{}"
021_frontal.jpg,964528,"{}",6,2,"{""name"":""point"",""cx"":963,""cy"":1159}","{}"
021_frontal.jpg,964528,"{}",6,3,"{""name"":""point"",""cx"":1261,""cy"":1191}","{}"
021_frontal.jpg,964528,"{}",6,4,"{""name"":""point"",""cx"":1002,""cy"":1469}","{}"
021_frontal.jpg,964528,"{}",6,5,"{""name"":""point"",""cx"":1222,""cy"":1494}","{}"
022_frontal.jpg,1208293,"{}",6,0,"{""name"":""point"",""cx"":1015,""cy"":707}","{}"
022_frontal.jpg,1208293,"{}",6,1,"{""name"":""point"",""cx"":1061,""cy"":1642}","{}"
022_frontal.jpg,1208293,"{}",6,2,"{""name"":""point"",""cx"":910,""cy"":1117}","{}"
022_frontal.jpg,1208293,"{}",6,3,"{""name"":""point"",""cx"":1195,""cy"":1120}","{}"
022_frontal.jpg,1208293,"{}",6,4,"{""name"":""point"",""cx"":953,""cy"":1423}","{}"
022_frontal.jpg,1208293,"{}",6,5,"{""name"":""point"",""cx"":1156,""cy"":1416}","{}"
023_frontal.jpg,990982,"{}",6,0,"{""name"":""point"",""cx"":940,""cy"":894}","{}"
023_frontal.jpg,990982,"{}",6,1,"{""name"":""point"",""cx"":1090,""cy"":1959}","{}"
023_frontal.jpg,990982,"{}",6,2,"{""name"":""point"",""cx"":887,""cy"":1373}","{}"
023_frontal.jpg,990982,"{}",6,3,"{""name"":""point"",""cx"":1179,""cy"":1333}","{}"
023_frontal.jpg,990982,"{}",6,4,"{""name"":""point"",""cx"":943,""cy"":1694}","{}"
023_frontal.jpg,990982,"{}",6,5,"{""name"":""point"",""cx"":1172,""cy"":1677}","{}"
024_frontal.jpg,1098447,"{}",6,0,"{""name"":""point"",""cx"":1056,""cy"":534}","{}"
024_frontal.jpg,1098447,"{}",6,1,"{""name"":""point"",""cx"":1012,""cy"":1517}","{}"
024_frontal.jpg,1098447,"{}",6,2,"{""name"":""point"",""cx"":887,""cy"":992}","{}"
024_frontal.jpg,1098447,"{}",6,3,"{""name"":""point"",""cx"":1174,""cy"":1012}","{}"
024_frontal.jpg,1098447,"{}",6,4,"{""name"":""point"",""cx"":910,""cy"":1289}","{}"
024_frontal.jpg,1098447,"{}",6,5,"{""name"":""point"",""cx"":1130,""cy"":1304}","{}"
025_frontal.jpg,1122856,"{}",6,0,"{""name"":""point"",""cx"":1103,""cy"":665}","{}"
025_frontal.jpg,1122856,"{}",6,1,"{""name"":""point"",""cx"":1110,""cy"":1682}","{}"
025_frontal.jpg,1122856,"{}",6,2,"{""name"":""point"",""cx"":944,""cy"":1147}","{}"
025_frontal.jpg,1122856,"{}",6,3,"{""name"":""point"",""cx"":1237,""cy"":1150}","{}"
025_frontal.jpg,1122856,"{}",6,4,"{""name"":""point"",""cx"":995,""cy"":1455}","{}"
025_frontal.jpg,1122856,"{}",6,5,"{""name"":""point"",""cx"":1211,""cy"":1446}","{}"
026_frontal.jpg,1021279,"{}",6,0,"{""name"":""point"",""cx"":1026,""cy"":776}","{}"
026_frontal.jpg,1021279,"{}",6,1,"{""name"":""point"",""cx"":1061,""cy"":1846}","{}"
026_frontal.jpg,1021279,"{}",6,2,"{""name"":""point"",""cx"":899,""cy"":1288}","{}"
026_frontal.jpg,1021279,"{}",6,3,"{""name"":""point"",""cx"":1197,""cy"":1293}","{}"
026_frontal.jpg,1021279,"{}",6,4,"{""name"":""point"",""cx"":950,""cy"":1620}","{}"
026_frontal.jpg,1021279,"{}",6,5,"{""name"":""point"",""cx"":1181,""cy"":1607}","{}"
027_frontal.jpg,1145548,"{}",6,0,"{""name"":""point"",""cx"":1021,""cy"":974}","{}"
027_frontal.jpg,1145548,"{}",6,1,"{""name"":""point"",""cx"":1086,""cy"":2056}","{}"
027_frontal.jpg,1145548,"{}",6,2,"{""name"":""point"",""cx"":895,""cy"":1533}","{}"
027_frontal.jpg,1145548,"{}",6,3,"{""name"":""point"",""cx"":1179,""cy"":1520}","{}"
027_frontal.jpg,1145548,"{}",6,4,"{""name"":""point"",""cx"":967,""cy"":1836}","{}"
027_frontal.jpg,1145548,"{}",6,5,"{""name"":""point"",""cx"":1166,""cy"":1820}","{}"
028_frontal.jpg,916775,"{}",6,0,"{""name"":""point"",""cx"":1068,""cy"":996}","{}"
028_frontal.jpg,916775,"{}",6,1,"{""name"":""point"",""cx"":1119,""cy"":1851}","{}"
028_frontal.jpg,916775,"{}",6,2,"{""name"":""point"",""cx"":953,""cy"":1417}","{}"
028_frontal.jpg,916775,"{}",6,3,"{""name"":""point"",""cx"":1223,""cy"":1401}","{}"
028_frontal.jpg,916775,"{}",6,4,"{""name"":""point"",""cx"":1009,""cy"":1670}","{}"
028_frontal.jpg,916775,"{}",6,5,"{""name"":""point"",""cx"":1206,""cy"":1645}","{}"
029_frontal.jpg,1025395,"{}",6,0,"{""name"":""point"",""cx"":1032,""cy"":854}","{}"
029_frontal.jpg,1025395,"{}",6,1,"{""name"":""point"",""cx"":1033,""cy"":1806}","{}"
029_frontal.jpg,1025395,"{}",6,2,"{""name"":""point"",""cx"":866,""cy"":1324}","{}"
029_frontal.jpg,1025395,"{}",6,3,"{""name"":""point"",""cx"":1151,""cy"":1306}","{}"
029_frontal.jpg,1025395,"{}",6,4,"{""name"":""point"",""cx"":919,""cy"":1621}","{}"
029_frontal.jpg,1025395,"{}",6,5,"{""name"":""point"",""cx"":1122,""cy"":1608}","{}"
030_frontal.jpg,1026812,"{}",6,0,"{""name"":""point"",""cx"":1017,""cy"":642}","{}"
030_frontal.jpg,1026812,"{}",6,1,"{""name"":""point"",""cx"":1000,""cy"":1630}","{}"
030_frontal.jpg,1026812,"{}",6,2,"{""name"":""point"",""cx"":853,""cy"":1129}","{}"
030_frontal.jpg,1026812,"{}",6,3,"{""name"":""point"",""cx"":1152,""cy"":1112}","{}"
030_frontal.jpg,1026812,"{}",6,4,"{""name"":""point"",""cx"":890,""cy"":1445}","{}"
030_frontal.jpg,1026812,"{}",6,5,"{""name"":""point"",""cx"":1092,""cy"":1423}","{}"
031_frontal.jpg,1151795,"{}",6,0,"{""name"":""point"",""cx"":977,""cy"":706}","{}"
031_frontal.jpg,1151795,"{}",6,1,"{""name"":""point"",""cx"":1001,""cy"":1642}","{}"
031_frontal.jpg,1151795,"{}",6,2,"{""name"":""point"",""cx"":833,""cy"":1159}","{}"
031_frontal.jpg,1151795,"{}",6,3,"{""name"":""point"",""cx"":1111,""cy"":1139}","{}"
031_frontal.jpg,1151795,"{}",6,4,"{""name"":""point"",""cx"":853,""cy"":1425}","{}"
031_frontal.jpg,1151795,"{}",6,5,"{""name"":""point"",""cx"":1131,""cy"":1410}","{}"
032_frontal.jpg,1075094,"{}",6,0,"{""name"":""point"",""cx"":1040,""cy"":669}","{}"
032_frontal.jpg,1075094,"{}",6,1,"{""name"":""point"",""cx"":1065,""cy"":1784}","{}"
032_frontal.jpg,1075094,"{}",6,2,"{""name"":""point"",""cx"":907,""cy"":1180}","{}"
032_frontal.jpg,1075094,"{}",6,3,"{""name"":""point"",""cx"":1206,""cy"":1164}","{}"
032_frontal.jpg,1075094,"{}",6,4,"{""name"":""point"",""cx"":928,""cy"":1528}","{}"
032_frontal.jpg,1075094,"{}",6,5,"{""name"":""point"",""cx"":1175,""cy"":1530}","{}"
033_frontal.jpg,1222640,"{}",6,0,"{""name"":""point"",""cx"":994,""cy"":654}","{}"
033_frontal.jpg,1222640,"{}",6,1,"{""name"":""point"",""cx"":1006,""cy"":1682}","{}"
033_frontal.jpg,1222640,"{}",6,2,"{""name"":""point"",""cx"":877,""cy"":1136}","{}"
033_frontal.jpg,1222640,"{}",6,3,"{""name"":""point"",""cx"":1172,""cy"":1155}","{}"
033_frontal.jpg,1222640,"{}",6,4,"{""name"":""point"",""cx"":910,""cy"":1464}","{}"
033_frontal.jpg,1222640,"{}",6,5,"{""name"":""point"",""cx"":1131,""cy"":1478}","{}"
034_frontal.jpg,1084777,"{}",6,0,"{""name"":""point"",""cx"":976,""cy"":654}","{}"
034_frontal.jpg,1084777,"{}",6,1,"{""name"":""point"",""cx"":960,""cy"":1655}","{}"
034_frontal.jpg,1084777,"{}",6,2,"{""name"":""point"",""cx"":829,""cy"":1088}","{}"
034_frontal.jpg,1084777,"{}",6,3,"{""name"":""point"",""cx"":1131,""cy"":1100}","{}"
034_frontal.jpg,1084777,"{}",6,4,"{""name"":""point"",""cx"":859,""cy"":1405}","{}"
034_frontal.jpg,1084777,"{}",6,5,"{""name"":""point"",""cx"":1058,""cy"":1415}","{}"
035_frontal.jpg,1150463,"{}",6,0,"{""name"":""point"",""cx"":1088,""cy"":580}","{}"
035_frontal.jpg,1150463,"{}",6,1,"{""name"":""point"",""cx"":1032,""cy"":1476}","{}"
035_frontal.jpg,1150463,"{}",6,2,"{""name"":""point"",""cx"":933,""cy"":989}","{}"
035_frontal.jpg,1150463,"{}",6,3,"{""name"":""point"",""cx"":1203,""cy"":1024}","{}"
035_frontal.jpg,1150463,"{}",6,4,"{""name"":""point"",""cx"":954,""cy"":1262}","{}"
035_frontal.jpg,1150463,"{}",6,5,"{""name"":""point"",""cx"":1160,""cy"":1289}","{}"
036_frontal.jpg,1531269,"{}",6,0,"{""name"":""point"",""cx"":974,""cy"":1054}","{}"
036_frontal.jpg,1531269,"{}",6,1,"{""name"":""point"",""cx"":1023,""cy"":1990}","{}"
036_frontal.jpg,1531269,"{}",6,2,"{""name"":""point"",""cx"":871,""cy"":1503}","{}"
036_frontal.jpg,1531269,"{}",6,3,"{""name"":""point"",""cx"":1145,""cy"":1492}","{}"
036_frontal.jpg,1531269,"{}",6,4,"{""name"":""point"",""cx"":902,""cy"":1779}","{}"
036_frontal.jpg,1531269,"{}",6,5,"{""name"":""point"",""cx"":1124,""cy"":1773}","{}"
037_frontal.jpg,1309485,"{}",6,0,"{""name"":""point"",""cx"":971,""cy"":593}","{}"
037_frontal.jpg,1309485,"{}",6,1,"{""name"":""point"",""cx"":996,""cy"":1709}","{}"
037_frontal.jpg,1309485,"{}",6,2,"{""name"":""point"",""cx"":854,""cy"":1187}","{}"
037_frontal.jpg,1309485,"{}",6,3,"{""name"":""point"",""cx"":1156,""cy"":1157}","{}"
037_frontal.jpg,1309485,"{}",6,4,"{""name"":""point"",""cx"":892,""cy"":1497}","{}"
037_frontal.jpg,1309485,"{}",6,5,"{""name"":""point"",""cx"":1140,""cy"":1497}","{}"
038_frontal.jpg,1354221,"{}",6,0,"{""name"":""point"",""cx"":990,""cy"":747}","{}"
038_frontal.jpg,1354221,"{}",6,1,"{""name"":""point"",""cx"":1048,""cy"":1727}","{}"
038_frontal.jpg,1354221,"{}",6,2,"{""name"":""point"",""cx"":892,""cy"":1244}","{}"
038_frontal.jpg,1354221,"{}",6,3,"{""name"":""point"",""cx"":1164,""cy"":1230}","{}"
038_frontal.jpg,1354221,"{}",6,4,"{""name"":""point"",""cx"":924,""cy"":1521}","{}"
038_frontal.jpg,1354221,"{}",6,5,"{""name"":""point"",""cx"":1157,""cy"":1518}","{}"
039_frontal.jpg,1336895,"{}",6,0,"{""name"":""point"",""cx"":1000,""cy"":964}","{}"
039_frontal.jpg,1336895,"{}",6,1,"{""name"":""point"",""cx"":988,""cy"":1890}","{}"
039_frontal.jpg,1336895,"{}",6,2,"{""name"":""point"",""cx"":860,""cy"":1429}","{}"
039_frontal.jpg,1336895,"{}",6,3,"{""name"":""point"",""cx"":1131,""cy"":1429}","{}"
039_frontal.jpg,1336895,"{}",6,4,"{""name"":""point"",""cx"":876,""cy"":1684}","{}"
039_frontal.jpg,1336895,"{}",6,5,"{""name"":""point"",""cx"":1120,""cy"":1689}","{}"
040_frontal.jpg,1254229,"{}",6,0,"{""name"":""point"",""cx"":1066,""cy"":778}","{}"
040_frontal.jpg,1254229,"{}",6,1,"{""name"":""point"",""cx"":1004,""cy"":1813}","{}"
040_frontal.jpg,1254229,"{}",6,2,"{""name"":""point"",""cx"":916,""cy"":1296}","{}"
040_frontal.jpg,1254229,"{}",6,3,"{""name"":""point"",""cx"":1193,""cy"":1336}","{}"
040_frontal.jpg,1254229,"{}",6,4,"{""name"":""point"",""cx"":906,""cy"":1586}","{}"
040_frontal.jpg,1254229,"{}",6,5,"{""name"":""point"",""cx"":1143,""cy"":1614}","{}"
041_frontal.jpg,923175,"{}",6,0,"{""name"":""point"",""cx"":989,""cy"":714}","{}"
041_frontal.jpg,923175,"{}",6,1,"{""name"":""point"",""cx"":997,""cy"":1858}","{}"
041_frontal.jpg,923175,"{}",6,2,"{""name"":""point"",""cx"":851,""cy"":1273}","{}"
041_frontal.jpg,923175,"{}",6,3,"{""name"":""point"",""cx"":1138,""cy"":1271}","{}"
041_frontal.jpg,923175,"{}",6,4,"{""name"":""point"",""cx"":884,""cy"":1632}","{}"
041_frontal.jpg,923175,"{}",6,5,"{""name"":""point"",""cx"":1100,""cy"":1626}","{}"
042_frontal.jpg,907284,"{}",6,0,"{""name"":""point"",""cx"":1058,""cy"":879}","{}"
042_frontal.jpg,907284,"{}",6,1,"{""name"":""point"",""cx"":1005,""cy"":2019}","{}"
042_frontal.jpg,907284,"{}",6,2,"{""name"":""point"",""cx"":865,""cy"":1451}","{}"
042_frontal.jpg,907284,"{}",6,3,"{""name"":""point"",""cx"":1187,""cy"":1461}","{}"
042_frontal.jpg,907284,"{}",6,4,"{""name"":""point"",""cx"":908,""cy"":1799}","{}"
042_frontal.jpg,907284,"{}",6,5,"{""name"":""point"",""cx"":1136,""cy"":1794}","{}"
043_frontal.jpg,955961,"{}",6,0,"{""name"":""point"",""cx"":1001,""cy"":934}","{}"
043_frontal.jpg,955961,"{}",6,1,"{""name"":""point"",""cx"":1033,""cy"":1931}","{}"
043_frontal.jpg,955961,"{}",6,2,"{""name"":""point"",""cx"":852,""cy"":1443}","{}"
043_frontal.jpg,955961,"{}",6,3,"{""name"":""point"",""cx"":1154,""cy"":1441}","{}"
043_frontal.jpg,955961,"{}",6,4,"{""name"":""point"",""cx"":905,""cy"":1738}","{}"
043_frontal.jpg,955961,"{}",6,5,"{""name"":""point"",""cx"":1140,""cy"":1738}","{}"
044_frontal.jpg,898642,"{}",6,0,"{""name"":""point"",""cx"":1001,""cy"":942}","{}"
044_frontal.jpg,898642,"{}",6,1,"{""name"":""point"",""cx"":1047,""cy"":1872}","{}"
044_frontal.jpg,898642,"{}",6,2,"{""name"":""point"",""cx"":894,""cy"":1371}","{}"
044_frontal.jpg,898642,"{}",6,3,"{""name"":""point"",""cx"":1160,""cy"":1365}","{}"
044_frontal.jpg,898642,"{}",6,4,"{""name"":""point"",""cx"":939,""cy"":1651}","{}"
044_frontal.jpg,898642,"{}",6,5,"{""name"":""point"",""cx"":1143,""cy"":1643}","{}"
045_frontal.jpg,1211240,"{}",6,0,"{""name"":""point"",""cx"":946,""cy"":955}","{}"
045_frontal.jpg,1211240,"{}",6,1,"{""name"":""point"",""cx"":957,""cy"":1922}","{}"
045_frontal.jpg,1211240,"{}",6,2,"{""name"":""point"",""cx"":782,""cy"":1420}","{}"
045_frontal.jpg,1211240,"{}",6,3,"{""name"":""point"",""cx"":1098,""cy"":1412}","{}"
045_frontal.jpg,1211240,"{}",6,4,"{""name"":""point"",""cx"":801,""cy"":1717}","{}"
045_frontal.jpg,1211240,"{}",6,5,"{""name"":""point"",""cx"":1060,""cy"":1713}","{}"
046_frontal.jpg,1047630,"{}",6,0,"{""name"":""point"",""cx"":976,""cy"":759}","{}"
046_frontal.jpg,1047630,"{}",6,1,"{""name"":""point"",""cx"":1016,""cy"":1789}","{}"
046_frontal.jpg,1047630,"{}",6,2,"{""name"":""point"",""cx"":840,""cy"":1237}","{}"
046_frontal.jpg,1047630,"{}",6,3,"{""name"":""point"",""cx"":1142,""cy"":1237}","{}"
046_frontal.jpg,1047630,"{}",6,4,"{""name"":""point"",""cx"":886,""cy"":1561}","{}"
046_frontal.jpg,1047630,"{}",6,5,"{""name"":""point"",""cx"":1120,""cy"":1564}","{}"
047_frontal.jpg,955009,"{}",6,0,"{""name"":""point"",""cx"":902,""cy"":975}","{}"
047_frontal.jpg,955009,"{}",6,1,"{""name"":""point"",""cx"":960,""cy"":2109}","{}"
047_frontal.jpg,955009,"{}",6,2,"{""name"":""point"",""cx"":756,""cy"":1527}","{}"
047_frontal.jpg,955009,"{}",6,3,"{""name"":""point"",""cx"":1056,""cy"":1512}","{}"
047_frontal.jpg,955009,"{}",6,4,"{""name"":""point"",""cx"":835,""cy"":1873}","{}"
047_frontal.jpg,955009,"{}",6,5,"{""name"":""point"",""cx"":1030,""cy"":1850}","{}"
048_frontal.jpg,1178165,"{}",6,0,"{""name"":""point"",""cx"":1059,""cy"":703}","{}"
048_frontal.jpg,1178165,"{}",6,1,"{""name"":""point"",""cx"":1028,""cy"":1790}","{}"
048_frontal.jpg,1178165,"{}",6,2,"{""name"":""point"",""cx"":889,""cy"":1204}","{}"
048_frontal.jpg,1178165,"{}",6,3,"{""name"":""point"",""cx"":1164,""cy"":1227}","{}"
048_frontal.jpg,1178165,"{}",6,4,"{""name"":""point"",""cx"":915,""cy"":1543}","{}"
048_frontal.jpg,1178165,"{}",6,5,"{""name"":""point"",""cx"":1124,""cy"":1549}","{}"
049_frontal.jpg,998257,"{}",6,0,"{""name"":""point"",""cx"":1025,""cy"":922}","{}"
049_frontal.jpg,998257,"{}",6,1,"{""name"":""point"",""cx"":1089,""cy"":1959}","{}"
049_frontal.jpg,998257,"{}",6,2,"{""name"":""point"",""cx"":920,""cy"":1460}","{}"
049_frontal.jpg,998257,"{}",6,3,"{""name"":""point"",""cx"":1196,""cy"":1443}","{}"
049_frontal.jpg,998257,"{}",6,4,"{""name"":""point"",""cx"":931,""cy"":1728}","{}"
049_frontal.jpg,998257,"{}",6,5,"{""name"":""point"",""cx"":1216,""cy"":1703}","{}"
050_frontal.jpg,1183843,"{}",6,0,"{""name"":""point"",""cx"":925,""cy"":780}","{}"
050_frontal.jpg,1183843,"{}",6,1,"{""name"":""point"",""cx"":1031,""cy"":1735}","{}"
050_frontal.jpg,1183843,"{}",6,2,"{""name"":""point"",""cx"":798,""cy"":1265}","{}"
050_frontal.jpg,1183843,"{}",6,3,"{""name"":""point"",""cx"":1116,""cy"":1229}","{}"
050_frontal.jpg,1183843,"{}",6,4,"{""name"":""point"",""cx"":893,""cy"":1560}","{}"
050_frontal.jpg,1183843,"{}",6,5,"{""name"":""point"",""cx"":1123,""cy"":1521}","{}"
051_frontal.jpg,1505073,"{}",6,0,"{""name"":""point"",""cx"":951,""cy"":827}","{}"
051_frontal.jpg,1505073,"{}",6,1,"{""name"":""point"",""cx"":984,""cy"":1855}","{}"
051_frontal.jpg,1505073,"{}",6,2,"{""name"":""point"",""cx"":826,""cy"":1315}","{}"
051_frontal.jpg,1505073,"{}",6,3,"{""name"":""point"",""cx"":1120,""cy"":1320}","{}"
051_frontal.jpg,1505073,"{}",6,4,"{""name"":""point"",""cx"":866,""cy"":1633}","{}"
051_frontal.jpg,1505073,"{}",6,5,"{""name"":""point"",""cx"":1104,""cy"":1633}","{}"
052_frontal.jpg,873799,"{}",6,0,"{""name"":""point"",""cx"":977,""cy"":999}","{}"
052_frontal.jpg,873799,"{}",6,1,"{""name"":""point"",""cx"":993,""cy"":1936}","{}"
052_frontal.jpg,873799,"{}",6,2,"{""name"":""point"",""cx"":850,""cy"":1450}","{}"
052_frontal.jpg,873799,"{}",6,3,"{""name"":""point"",""cx"":1126,""cy"":1429}","{}"
052_frontal.jpg,873799,"{}",6,4,"{""name"":""point"",""cx"":864,""cy"":1737}","{}"
052_frontal.jpg,873799,"{}",6,5,"{""name"":""point"",""cx"":1109,""cy"":1745}","{}"
053_frontal.jpg,1166884,"{}",6,0,"{""name"":""point"",""cx"":1020,""cy"":682}","{}"
053_frontal.jpg,1166884,"{}",6,1,"{""name"":""point"",""cx"":1046,""cy"":1624}","{}"
053_frontal.jpg,1166884,"{}",6,2,"{""name"":""point"",""cx"":890,""cy"":1151}","{}"
053_frontal.jpg,1166884,"{}",6,3,"{""name"":""point"",""cx"":1166,""cy"":1151}","{}"
053_frontal.jpg,1166884,"{}",6,4,"{""name"":""point"",""cx"":920,""cy"":1433}","{}"
053_frontal.jpg,1166884,"{}",6,5,"{""name"":""point"",""cx"":1150,""cy"":1430}","{}"
054_frontal.jpg,1110231,"{}",6,0,"{""name"":""point"",""cx"":1028,""cy"":791}","{}"
054_frontal.jpg,1110231,"{}",6,1,"{""name"":""point"",""cx"":978,""cy"":1897}","{}"
054_frontal.jpg,1110231,"{}",6,2,"{""name"":""point"",""cx"":847,""cy"":1266}","{}"
054_frontal.jpg,1110231,"{}",6,3,"{""name"":""point"",""cx"":1171,""cy"":1278}","{}"
054_frontal.jpg,1110231,"{}",6,4,"{""name"":""point"",""cx"":881,""cy"":1608}","{}"
054_frontal.jpg,1110231,"{}",6,5,"{""name"":""point"",""cx"":1115,""cy"":1636}","{}"
055_frontal.jpg,1104076,"{}",6,0,"{""name"":""point"",""cx"":946,""cy"":851}","{}"
055_frontal.jpg,1104076,"{}",6,1,"{""name"":""point"",""cx"":979,""cy"":1835}","{}"
055_frontal.jpg,1104076,"{}",6,2,"{""name"":""point"",""cx"":832,""cy"":1317}","{}"
055_frontal.jpg,1104076,"{}",6,3,"{""name"":""point"",""cx"":1113,""cy"":1317}","{}"
055_frontal.jpg,1104076,"{}",6,4,"{""name"":""point"",""cx"":850,""cy"":1643}","{}"
055_frontal.jpg,1104076,"{}",6,5,"{""name"":""point"",""cx"":1097,""cy"":1643}","{}"
056_frontal.jpg,1044653,"{}",6,0,"{""name"":""point"",""cx"":1020,""cy"":935}","{}"
056_frontal.jpg,1044653,"{}",6,1,"{""name"":""point"",""cx"":1028,""cy"":1944}","{}"
056_frontal.jpg,1044653,"{}",6,2,"{""name"":""point"",""cx"":871,""cy"":1434}","{}"
056_frontal.jpg,1044653,"{}",6,3,"{""name"":""point"",""cx"":1170,""cy"":1434}","{}"
056_frontal.jpg,1044653,"{}",6,4,"{""name"":""point"",""cx"":915,""cy"":1730}","{}"
056_frontal.jpg,1044653,"{}",6,5,"{""name"":""point"",""cx"":1145,""cy"":1727}","{}"
057_frontal.jpg,1020142,"{}",6,0,"{""name"":""point"",""cx"":987,""cy"":744}","{}"
057_frontal.jpg,1020142,"{}",6,1,"{""name"":""point"",""cx"":1022,""cy"":2018}","{}"
057_frontal.jpg,1020142,"{}",6,2,"{""name"":""point"",""cx"":801,""cy"":1422}","{}"
057_frontal.jpg,1020142,"{}",6,3,"{""name"":""point"",""cx"":1155,""cy"":1397}","{}"
057_frontal.jpg,1020142,"{}",6,4,"{""name"":""point"",""cx"":892,""cy"":1803}","{}"
057_frontal.jpg,1020142,"{}",6,5,"{""name"":""point"",""cx"":1107,""cy"":1776}","{}"
058_frontal.jpg,1200759,"{}",6,0,"{""name"":""point"",""cx"":1101,""cy"":811}","{}"
058_frontal.jpg,1200759,"{}",6,1,"{""name"":""point"",""cx"":1028,""cy"":1973}","{}"
058_frontal.jpg,1200759,"{}",6,2,"{""name"":""point"",""cx"":883,""cy"":1302}","{}"
058_frontal.jpg,1200759,"{}",6,3,"{""name"":""point"",""cx"":1227,""cy"":1336}","{}"
058_frontal.jpg,1200759,"{}",6,4,"{""name"":""point"",""cx"":865,""cy"":1691}","{}"
058_frontal.jpg,1200759,"{}",6,5,"{""name"":""point"",""cx"":1190,""cy"":1719}","{}"
059_frontal.jpg,1137061,"{}",6,0,"{""name"":""point"",""cx"":980,""cy"":691}","{}"
059_frontal.jpg,1137061,"{}",6,1,"{""name"":""point"",""cx"":1043,""cy"":1909}","{}"
059_frontal.jpg,1137061,"{}",6,2,"{""name"":""point"",""cx"":863,""cy"":1293}","{}"
059_frontal.jpg,1137061,"{}",6,3,"{""name"":""point"",""cx"":1156,""cy"":1290}","{}"
059_frontal.jpg,1137061,"{}",6,4,"{""name"":""point"",""cx"":910,""cy"":1669}","{}"
059_frontal.jpg,1137061,"{}",6,5,"{""name"":""point"",""cx"":1161,""cy"":1645}","{}"
060_frontal.jpg,1536786,"{}",6,0,"{""name"":""point"",""cx"":1138,""cy"":663}","{}"
060_frontal.jpg,1536786,"{}",6,1,"{""name"":""point"",""cx"":960,""cy"":1671}","{}"
060_frontal.jpg,1536786,"{}",6,2,"{""name"":""point"",""cx"":893,""cy"":1101}","{}"
060_frontal.jpg,1536786,"{}",6,3,"{""name"":""point"",""cx"":1190,""cy"":1149}","{}"
060_frontal.jpg,1536786,"{}",6,4,"{""name"":""point"",""cx"":868,""cy"":1421}","{}"
060_frontal.jpg,1536786,"{}",6,5,"{""name"":""point"",""cx"":1114,""cy"":1469}","{}"
061_frontal.jpg,955355,"{}",6,0,"{""name"":""point"",""cx"":907,""cy"":568}","{}"
061_frontal.jpg,955355,"{}",6,1,"{""name"":""point"",""cx"":969,""cy"":1674}","{}"
061_frontal.jpg,955355,"{}",6,2,"{""name"":""point"",""cx"":776,""cy"":1057}","{}"
061_frontal.jpg,955355,"{}",6,3,"{""name"":""point"",""cx"":1102,""cy"":1047}","{}"
061_frontal.jpg,955355,"{}",6,4,"{""name"":""point"",""cx"":819,""cy"":1373}","{}"
061_frontal.jpg,955355,"{}",6,5,"{""name"":""point"",""cx"":1097,""cy"":1361}","{}"
062_frontal.jpg,1054813,"{}",6,0,"{""name"":""point"",""cx"":927,""cy"":849}","{}"
062_frontal.jpg,1054813,"{}",6,1,"{""name"":""point"",""cx"":982,""cy"":1898}","{}"
062_frontal.jpg,1054813,"{}",6,2,"{""name"":""point"",""cx"":823,""cy"":1355}","{}"
062_frontal.jpg,1054813,"{}",6,3,"{""name"":""point"",""cx"":1115,""cy"":1340}","{}"
062_frontal.jpg,1054813,"{}",6,4,"{""name"":""point"",""cx"":898,""cy"":1696}","{}"
062_frontal.jpg,1054813,"{}",6,5,"{""name"":""point"",""cx"":1092,""cy"":1684}","{}"
063_frontal.jpg,1038037,"{}",6,0,"{""name"":""point"",""cx"":1038,""cy"":810}","{}"
063_frontal.jpg,1038037,"{}",6,1,"{""name"":""point"",""cx"":1030,""cy"":1971}","{}"
063_frontal.jpg,1038037,"{}",6,2,"{""name"":""point"",""cx"":865,""cy"":1312}","{}"
063_frontal.jpg,1038037,"{}",6,3,"{""name"":""point"",""cx"":1196,""cy"":1331}","{}"
063_frontal.jpg,1038037,"{}",6,4,"{""name"":""point"",""cx"":896,""cy"":1683}","{}"
063_frontal.jpg,1038037,"{}",6,5,"{""name"":""point"",""cx"":1147,""cy"":1674}","{}"
064_frontal.jpg,933894,"{}",6,0,"{""name"":""point"",""cx"":978,""cy"":788}","{}"
064_frontal.jpg,933894,"{}",6,1,"{""name"":""point"",""cx"":1055,""cy"":1958}","{}"
064_frontal.jpg,933894,"{}",6,2,"{""name"":""point"",""cx"":849,""cy"":1385}","{}"
064_frontal.jpg,933894,"{}",6,3,"{""name"":""point"",""cx"":1154,""cy"":1358}","{}"
064_frontal.jpg,933894,"{}",6,4,"{""name"":""point"",""cx"":919,""cy"":1732}","{}"
064_frontal.jpg,933894,"{}",6,5,"{""name"":""point"",""cx"":1154,""cy"":1705}","{}"
065_frontal.jpg,1133526,"{}",6,0,"{""name"":""point"",""cx"":972,""cy"":680}","{}"
065_frontal.jpg,1133526,"{}",6,1,"{""name"":""point"",""cx"":945,""cy"":1670}","{}"
065_frontal.jpg,1133526,"{}",6,2,"{""name"":""point"",""cx"":790,""cy"":1160}","{}"
065_frontal.jpg,1133526,"{}",6,3,"{""name"":""point"",""cx"":1121,""cy"":1162}","{}"
065_frontal.jpg,1133526,"{}",6,4,"{""name"":""point"",""cx"":840,""cy"":1453}","{}"
065_frontal.jpg,1133526,"{}",6,5,"{""name"":""point"",""cx"":1067,""cy"":1463}","{}"
066_frontal.jpg,1011735,"{}",6,0,"{""name"":""point"",""cx"":1007,""cy"":827}","{}"
066_frontal.jpg,1011735,"{}",6,1,"{""name"":""point"",""cx"":1059,""cy"":1746}","{}"
066_frontal.jpg,1011735,"{}",6,2,"{""name"":""point"",""cx"":891,""cy"":1294}","{}"
066_frontal.jpg,1011735,"{}",6,3,"{""name"":""point"",""cx"":1161,""cy"":1280}","{}"
066_frontal.jpg,1011735,"{}",6,4,"{""name"":""point"",""cx"":938,""cy"":1574}","{}"
066_frontal.jpg,1011735,"{}",6,5,"{""name"":""point"",""cx"":1150,""cy"":1557}","{}"
067_frontal.jpg,1170319,"{}",6,0,"{""name"":""point"",""cx"":1059,""cy"":848}","{}"
067_frontal.jpg,1170319,"{}",6,1,"{""name"":""point"",""cx"":956,""cy"":1933}","{}"
067_frontal.jpg,1170319,"{}",6,2,"{""name"":""point"",""cx"":836,""cy"":1366}","{}"
067_frontal.jpg,1170319,"{}",6,3,"{""name"":""point"",""cx"":1161,""cy"":1394}","{}"
067_frontal.jpg,1170319,"{}",6,4,"{""name"":""point"",""cx"":833,""cy"":1694}","{}"
067_frontal.jpg,1170319,"{}",6,5,"{""name"":""point"",""cx"":1096,""cy"":1719}","{}"
068_frontal.jpg,975094,"{}",6,0,"{""name"":""point"",""cx"":970,""cy"":952}","{}"
068_frontal.jpg,975094,"{}",6,1,"{""name"":""point"",""cx"":974,""cy"":1978}","{}"
068_frontal.jpg,975094,"{}",6,2,"{""name"":""point"",""cx"":801,""cy"":1423}","{}"
068_frontal.jpg,975094,"{}",6,3,"{""name"":""point"",""cx"":1115,""cy"":1420}","{}"
068_frontal.jpg,975094,"{}",6,4,"{""name"":""point"",""cx"":845,""cy"":1743}","{}"
068_frontal.jpg,975094,"{}",6,5,"{""name"":""point"",""cx"":1086,""cy"":1746}","{}"
069_frontal.jpg,1249165,"{}",6,0,"{""name"":""point"",""cx"":934,""cy"":945}","{}"
069_frontal.jpg,1249165,"{}",6,1,"{""name"":""point"",""cx"":1120,""cy"":2002}","{}"
069_frontal.jpg,1249165,"{}",6,2,"{""name"":""point"",""cx"":875,""cy"":1477}","{}"
069_frontal.jpg,1249165,"{}",6,3,"{""name"":""point"",""cx"":1160,""cy"":1418}","{}"
069_frontal.jpg,1249165,"{}",6,4,"{""name"":""point"",""cx"":949,""cy"":1789}","{}"
069_frontal.jpg,1249165,"{}",6,5,"{""name"":""point"",""cx"":1184,""cy"":1738}","{}"
070_frontal.jpg,1025665,"{}",6,0,"{""name"":""point"",""cx"":919,""cy"":966}","{}"
070_frontal.jpg,1025665,"{}",6,1,"{""name"":""point"",""cx"":972,""cy"":2061}","{}"
070_frontal.jpg,1025665,"{}",6,2,"{""name"":""point"",""cx"":796,""cy"":1501}","{}"
070_frontal.jpg,1025665,"{}",6,3,"{""name"":""point"",""cx"":1094,""cy"":1490}","{}"
070_frontal.jpg,1025665,"{}",6,4,"{""name"":""point"",""cx"":844,""cy"":1848}","{}"
070_frontal.jpg,1025665,"{}",6,5,"{""name"":""point"",""cx"":1100,""cy"":1834}","{}"
071_frontal.jpg,1067653,"{}",6,0,"{""name"":""point"",""cx"":1018,""cy"":915}","{}"
071_frontal.jpg,1067653,"{}",6,1,"{""name"":""point"",""cx"":1022,""cy"":1980}","{}"
071_frontal.jpg,1067653,"{}",6,2,"{""name"":""point"",""cx"":846,""cy"":1375}","{}"
071_frontal.jpg,1067653,"{}",6,3,"{""name"":""point"",""cx"":1160,""cy"":1372}","{}"
071_frontal.jpg,1067653,"{}",6,4,"{""name"":""point"",""cx"":886,""cy"":1719}","{}"
071_frontal.jpg,1067653,"{}",6,5,"{""name"":""point"",""cx"":1139,""cy"":1714}","{}"
072_frontal.jpg,1186425,"{}",6,0,"{""name"":""point"",""cx"":979,""cy"":790}","{}"
072_frontal.jpg,1186425,"{}",6,1,"{""name"":""point"",""cx"":956,""cy"":2006}","{}"
072_frontal.jpg,1186425,"{}",6,2,"{""name"":""point"",""cx"":800,""cy"":1416}","{}"
072_frontal.jpg,1186425,"{}",6,3,"{""name"":""point"",""cx"":1123,""cy"":1399}","{}"
072_frontal.jpg,1186425,"{}",6,4,"{""name"":""point"",""cx"":839,""cy"":1752}","{}"
072_frontal.jpg,1186425,"{}",6,5,"{""name"":""point"",""cx"":1087,""cy"":1755}","{}"
073_frontal.jpg,974304,"{}",6,0,"{""name"":""point"",""cx"":1009,""cy"":841}","{}"
073_frontal.jpg,974304,"{}",6,1,"{""name"":""point"",""cx"":1000,""cy"":1924}","{}"
073_frontal.jpg,974304,"{}",6,2,"{""name"":""point"",""cx"":840,""cy"":1369}","{}"
073_frontal.jpg,974304,"{}",6,3,"{""name"":""point"",""cx"":1163,""cy"":1379}","{}"
073_frontal.jpg,974304,"{}",6,4,"{""name"":""point"",""cx"":886,""cy"":1725}","{}"
073_frontal.jpg,974304,"{}",6,5,"{""name"":""point"",""cx"":1131,""cy"":1728}","{}"
074_frontal.jpg,1259960,"{}",6,0,"{""name"":""point"",""cx"":974,""cy"":822}","{}"
074_frontal.jpg,1259960,"{}",6,1,"{""name"":""point"",""cx"":1048,""cy"":2093}","{}"
074_frontal.jpg,1259960,"{}",6,2,"{""name"":""point"",""cx"":847,""cy"":1470}","{}"
074_frontal.jpg,1259960,"{}",6,3,"{""name"":""point"",""cx"":1174,""cy"":1453}","{}"
074_frontal.jpg,1259960,"{}",6,4,"{""name"":""point"",""cx"":901,""cy"":1807}","{}"
074_frontal.jpg,1259960,"{}",6,5,"{""name"":""point"",""cx"":1161,""cy"":1790}","{}"
075_frontal.jpg,1018412,"{}",6,0,"{""name"":""point"",""cx"":1045,""cy"":787}","{}"
075_frontal.jpg,1018412,"{}",6,1,"{""name"":""point"",""cx"":1051,""cy"":1916}","{}"
075_frontal.jpg,1018412,"{}",6,2,"{""name"":""point"",""cx"":864,""cy"":1291}","{}"
075_frontal.jpg,1018412,"{}",6,3,"{""name"":""point"",""cx"":1211,""cy"":1285}","{}"
075_frontal.jpg,1018412,"{}",6,4,"{""name"":""point"",""cx"":922,""cy"":1647}","{}"
075_frontal.jpg,1018412,"{}",6,5,"{""name"":""point"",""cx"":1163,""cy"":1644}","{}"
076_frontal.jpg,1113389,"{}",6,0,"{""name"":""point"",""cx"":930,""cy"":857}","{}"
076_frontal.jpg,1113389,"{}",6,1,"{""name"":""point"",""cx"":1011,""cy"":1867}","{}"
076_frontal.jpg,1113389,"{}",6,2,"{""name"":""point"",""cx"":841,""cy"":1338}","{}"
076_frontal.jpg,1113389,"{}",6,3,"{""name"":""point"",""cx"":1099,""cy"":1318}","{}"
076_frontal.jpg,1113389,"{}",6,4,"{""name"":""point"",""cx"":875,""cy"":1641}","{}"
076_frontal.jpg,1113389,"{}",6,5,"{""name"":""point"",""cx"":1105,""cy"":1624}","{}"
077_frontal.jpg,1085688,"{}",6,0,"{""name"":""point"",""cx"":997,""cy"":1033}","{}"
077_frontal.jpg,1085688,"{}",6,1,"{""name"":""point"",""cx"":964,""cy"":2011}","{}"
077_frontal.jpg,1085688,"{}",6,2,"{""name"":""point"",""cx"":835,""cy"":1489}","{}"
077_frontal.jpg,1085688,"{}",6,3,"{""name"":""point"",""cx"":1125,""cy"":1502}","{}"
077_frontal.jpg,1085688,"{}",6,4,"{""name"":""point"",""cx"":868,""cy"":1781}","{}"
077_frontal.jpg,1085688,"{}",6,5,"{""name"":""point"",""cx"":1103,""cy"":1795}","{}"
078_frontal.jpg,1345747,"{}",6,0,"{""name"":""point"",""cx"":933,""cy"":579}","{}"
078_frontal.jpg,1345747,"{}",6,1,"{""name"":""point"",""cx"":923,""cy"":1715}","{}"
078_frontal.jpg,1345747,"{}",6,2,"{""name"":""point"",""cx"":734,""cy"":1115}","{}"
078_frontal.jpg,1345747,"{}",6,3,"{""name"":""point"",""cx"":1076,""cy"":1096}","{}"
078_frontal.jpg,1345747,"{}",6,4,"{""name"":""point"",""cx"":795,""cy"":1460}","{}"
078_frontal.jpg,1345747,"{}",6,5,"{""name"":""point"",""cx"":1044,""cy"":1444}","{}"
079_frontal.jpg,1110688,"{}",6,0,"{""name"":""point"",""cx"":914,""cy"":539}","{}"
079_frontal.jpg,1110688,"{}",6,1,"{""name"":""point"",""cx"":1027,""cy"":1629}","{}"
079_frontal.jpg,1110688,"{}",6,2,"{""name"":""point"",""cx"":810,""cy"":1093}","{}"
079_frontal.jpg,1110688,"{}",6,3,"{""name"":""point"",""cx"":1136,""cy"":1055}","{}"
079_frontal.jpg,1110688,"{}",6,4,"{""name"":""point"",""cx"":868,""cy"":1407}","{}"
079_frontal.jpg,1110688,"{}",6,5,"{""name"":""point"",""cx"":1133,""cy"":1374}","{}"
080_frontal.jpg,1278628,"{}",6,0,"{""name"":""point"",""cx"":957,""cy"":701}","{}"
080_frontal.jpg,1278628,"{}",6,1,"{""name"":""point"",""cx"":1010,""cy"":1794}","{}"
080_frontal.jpg,1278628,"{}",6,2,"{""name"":""point"",""cx"":826,""cy"":1229}","{}"
080_frontal.jpg,1278628,"{}",6,3,"{""name"":""point"",""cx"":1152,""cy"":1220}","{}"
080_frontal.jpg,1278628,"{}",6,4,"{""name"":""point"",""cx"":882,""cy"":1566}","{}"
080_frontal.jpg,1278628,"{}",6,5,"{""name"":""point"",""cx"":1101,""cy"":1543}","{}"
081_frontal.jpg,998391,"{}",6,0,"{""name"":""point"",""cx"":968,""cy"":734}","{}"
081_frontal.jpg,998391,"{}",6,1,"{""name"":""point"",""cx"":1043,""cy"":1820}","{}"
081_frontal.jpg,998391,"{}",6,2,"{""name"":""point"",""cx"":822,""cy"":1226}","{}"
081_frontal.jpg,998391,"{}",6,3,"{""name"":""point"",""cx"":1155,""cy"":1204}","{}"
081_frontal.jpg,998391,"{}",6,4,"{""name"":""point"",""cx"":900,""cy"":1568}","{}"
081_frontal.jpg,998391,"{}",6,5,"{""name"":""point"",""cx"":1143,""cy"":1546}","{}"
082_frontal.jpg,1021398,"{}",6,0,"{""name"":""point"",""cx"":1010,""cy"":502}","{}"
082_frontal.jpg,1021398,"{}",6,1,"{""name"":""point"",""cx"":1019,""cy"":1693}","{}"
082_frontal.jpg,1021398,"{}",6,2,"{""name"":""point"",""cx"":831,""cy"":1036}","{}"
082_frontal.jpg,1021398,"{}",6,3,"{""name"":""point"",""cx"":1176,""cy"":1054}","{}"
082_frontal.jpg,1021398,"{}",6,4,"{""name"":""point"",""cx"":889,""cy"":1418}","{}"
082_frontal.jpg,1021398,"{}",6,5,"{""name"":""point"",""cx"":1128,""cy"":1424}","{}"
083_frontal.jpg,911754,"{}",6,0,"{""name"":""point"",""cx"":954,""cy"":865}","{}"
083_frontal.jpg,911754,"{}",6,1,"{""name"":""point"",""cx"":1034,""cy"":1949}","{}"
083_frontal.jpg,911754,"{}",6,2,"{""name"":""point"",""cx"":838,""cy"":1385}","{}"
083_frontal.jpg,911754,"{}",6,3,"{""name"":""point"",""cx"":1124,""cy"":1355}","{}"
083_frontal.jpg,911754,"{}",6,4,"{""name"":""point"",""cx"":901,""cy"":1706}","{}"
083_frontal.jpg,911754,"{}",6,5,"{""name"":""point"",""cx"":1121,""cy"":1685}","{}"
084_frontal.jpg,973095,"{}",6,0,"{""name"":""point"",""cx"":912,""cy"":577}","{}"
084_frontal.jpg,973095,"{}",6,1,"{""name"":""point"",""cx"":934,""cy"":1684}","{}"
084_frontal.jpg,973095,"{}",6,2,"{""name"":""point"",""cx"":783,""cy"":1107}","{}"
084_frontal.jpg,973095,"{}",6,3,"{""name"":""point"",""cx"":1105,""cy"":1118}","{}"
084_frontal.jpg,973095,"{}",6,4,"{""name"":""point"",""cx"":820,""cy"":1446}","{}"
084_frontal.jpg,973095,"{}",6,5,"{""name"":""point"",""cx"":1058,""cy"":1452}","{}"
085_frontal.jpg,1096190,"{}",6,0,"{""name"":""point"",""cx"":1037,""cy"":667}","{}"
085_frontal.jpg,1096190,"{}",6,1,"{""name"":""point"",""cx"":957,""cy"":1762}","{}"
085_frontal.jpg,1096190,"{}",6,2,"{""name"":""point"",""cx"":836,""cy"":1171}","{}"
085_frontal.jpg,1096190,"{}",6,3,"{""name"":""point"",""cx"":1155,""cy"":1193}","{}"
085_frontal.jpg,1096190,"{}",6,4,"{""name"":""point"",""cx"":848,""cy"":1493}","{}"
085_frontal.jpg,1096190,"{}",6,5,"{""name"":""point"",""cx"":1098,""cy"":1516}","{}"
086_frontal.jpg,1011739,"{}",6,0,"{""name"":""point"",""cx"":1006,""cy"":757}","{}"
086_frontal.jpg,1011739,"{}",6,1,"{""name"":""point"",""cx"":993,""cy"":1681}","{}"
086_frontal.jpg,1011739,"{}",6,2,"{""name"":""point"",""cx"":842,""cy"":1180}","{}"
086_frontal.jpg,1011739,"{}",6,3,"{""name"":""point"",""cx"":1151,""cy"":1190}","{}"
086_frontal.jpg,1011739,"{}",6,4,"{""name"":""point"",""cx"":878,""cy"":1477}","{}"
086_frontal.jpg,1011739,"{}",6,5,"{""name"":""point"",""cx"":1115,""cy"":1484}","{}"
087_frontal.jpg,964580,"{}",6,0,"{""name"":""point"",""cx"":1039,""cy"":991}","{}"
087_frontal.jpg,964580,"{}",6,1,"{""name"":""point"",""cx"":1033,""cy"":2140}","{}"
087_frontal.jpg,964580,"{}",6,2,"{""name"":""point"",""cx"":875,""cy"":1532}","{}"
087_frontal.jpg,964580,"{}",6,3,"{""name"":""point"",""cx"":1185,""cy"":1505}","{}"
087_frontal.jpg,964580,"{}",6,4,"{""name"":""point"",""cx"":922,""cy"":1874}","{}"
087_frontal.jpg,964580,"{}",6,5,"{""name"":""point"",""cx"":1139,""cy"":1856}","{}"
088_frontal.jpg,1257367,"{}",6,0,"{""name"":""point"",""cx"":959,""cy"":594}","{}"
088_frontal.jpg,1257367,"{}",6,1,"{""name"":""point"",""cx"":1065,""cy"":1699}","{}"
088_frontal.jpg,1257367,"{}",6,2,"{""name"":""point"",""cx"":855,""cy"":1130}","{}"
088_frontal.jpg,1257367,"{}",6,3,"{""name"":""point"",""cx"":1163,""cy"":1084}","{}"
088_frontal.jpg,1257367,"{}",6,4,"{""name"":""point"",""cx"":904,""cy"":1429}","{}"
088_frontal.jpg,1257367,"{}",6,5,"{""name"":""point"",""cx"":1169,""cy"":1397}","{}"
089_frontal.jpg,949152,"{}",6,0,"{""name"":""point"",""cx"":1057,""cy"":823}","{}"
089_frontal.jpg,949152,"{}",6,1,"{""name"":""point"",""cx"":1072,""cy"":1969}","{}"
089_frontal.jpg,949152,"{}",6,2,"{""name"":""point"",""cx"":908,""cy"":1364}","{}"
089_frontal.jpg,949152,"{}",6,3,"{""name"":""point"",""cx"":1207,""cy"":1352}","{}"
089_frontal.jpg,949152,"{}",6,4,"{""name"":""point"",""cx"":950,""cy"":1714}","{}"
089_frontal.jpg,949152,"{}",6,5,"{""name"":""point"",""cx"":1195,""cy"":1702}","{}"
090_frontal.jpg,997362,"{}",6,0,"{""name"":""point"",""cx"":1001,""cy"":669}","{}"
090_frontal.jpg,997362,"{}",6,1,"{""name"":""point"",""cx"":998,""cy"":1764}","{}"
090_frontal.jpg,997362,"{}",6,2,"{""name"":""point"",""cx"":850,""cy"":1170}","{}"
090_frontal.jpg,997362,"{}",6,3,"{""name"":""point"",""cx"":1151,""cy"":1188}","{}"
090_frontal.jpg,997362,"{}",6,4,"{""name"":""point"",""cx"":873,""cy"":1491}","{}"
090_frontal.jpg,997362,"{}",6,5,"{""name"":""point"",""cx"":1113,""cy"":1496}","{}"
091_frontal.jpg,1310995,"{}",6,0,"{""name"":""point"",""cx"":937,""cy"":579}","{}"
091_frontal.jpg,1310995,"{}",6,1,"{""name"":""point"",""cx"":975,""cy"":1640}","{}"
091_frontal.jpg,1310995,"{}",6,2,"{""name"":""point"",""cx"":798,""cy"":1089}","{}"
091_frontal.jpg,1310995,"{}",6,3,"{""name"":""point"",""cx"":1110,""cy"":1082}","{}"
091_frontal.jpg,1310995,"{}",6,4,"{""name"":""point"",""cx"":840,""cy"":1415}","{}"
091_frontal.jpg,1310995,"{}",6,5,"{""name"":""point"",""cx"":1089,""cy"":1404}","{}"
092_frontal.jpg,1209806,"{}",6,0,"{""name"":""point"",""cx"":1008,""cy"":471}","{}"
092_frontal.jpg,1209806,"{}",6,1,"{""name"":""point"",""cx"":1024,""cy"":1582}","{}"
092_frontal.jpg,1209806,"{}",6,2,"{""name"":""point"",""cx"":862,""cy"":1019}","{}"
092_frontal.jpg,1209806,"{}",6,3,"{""name"":""point"",""cx"":1164,""cy"":1026}","{}"
092_frontal.jpg,1209806,"{}",6,4,"{""name"":""point"",""cx"":883,""cy"":1357}","{}"
092_frontal.jpg,1209806,"{}",6,5,"{""name"":""point"",""cx"":1146,""cy"":1355}","{}"
093_frontal.jpg,1421884,"{}",6,0,"{""name"":""point"",""cx"":985,""cy"":899}","{}"
093_frontal.jpg,1421884,"{}",6,1,"{""name"":""point"",""cx"":1002,""cy"":1808}","{}"
093_frontal.jpg,1421884,"{}",6,2,"{""name"":""point"",""cx"":850,""cy"":1311}","{}"
093_frontal.jpg,1421884,"{}",6,3,"{""name"":""point"",""cx"":1144,""cy"":1313}","{}"
093_frontal.jpg,1421884,"{}",6,4,"{""name"":""point"",""cx"":880,""cy"":1585}","{}"
093_frontal.jpg,1421884,"{}",6,5,"{""name"":""point"",""cx"":1122,""cy"":1585}","{}"
094_frontal.jpg,1337639,"{}",6,0,"{""name"":""point"",""cx"":1014,""cy"":689}","{}"
094_frontal.jpg,1337639,"{}",6,1,"{""name"":""point"",""cx"":995,""cy"":1744}","{}"
094_frontal.jpg,1337639,"{}",6,2,"{""name"":""point"",""cx"":854,""cy"":1192}","{}"
094_frontal.jpg,1337639,"{}",6,3,"{""name"":""point"",""cx"":1153,""cy"":1189}","{}"
094_frontal.jpg,1337639,"{}",6,4,"{""name"":""point"",""cx"":886,""cy"":1507}","{}"
094_frontal.jpg,1337639,"{}",6,5,"{""name"":""point"",""cx"":1118,""cy"":1517}","{}"
095_frontal.jpg,1049548,"{}",6,0,"{""name"":""point"",""cx"":948,""cy"":746}","{}"
095_frontal.jpg,1049548,"{}",6,1,"{""name"":""point"",""cx"":968,""cy"":1831}","{}"
095_frontal.jpg,1049548,"{}",6,2,"{""name"":""point"",""cx"":815,""cy"":1291}","{}"
095_frontal.jpg,1049548,"{}",6,3,"{""name"":""point"",""cx"":1106,""cy"":1279}","{}"
095_frontal.jpg,1049548,"{}",6,4,"{""name"":""point"",""cx"":860,""cy"":1595}","{}"
095_frontal.jpg,1049548,"{}",6,5,"{""name"":""point"",""cx"":1086,""cy"":1578}","{}"
096_frontal.jpg,1314669,"{}",6,0,"{""name"":""point"",""cx"":1008,""cy"":516}","{}"
096_frontal.jpg,1314669,"{}",6,1,"{""name"":""point"",""cx"":1008,""cy"":1724}","{}"
096_frontal.jpg,1314669,"{}",6,2,"{""name"":""point"",""cx"":831,""cy"":1086}","{}"
096_frontal.jpg,1314669,"{}",6,3,"{""name"":""point"",""cx"":1164,""cy"":1089}","{}"
096_frontal.jpg,1314669,"{}",6,4,"{""name"":""point"",""cx"":860,""cy"":1445}","{}"
096_frontal.jpg,1314669,"{}",6,5,"{""name"":""point"",""cx"":1127,""cy"":1445}","{}"
097_frontal.jpg,1161753,"{}",6,0,"{""name"":""point"",""cx"":927,""cy"":819}","{}"
097_frontal.jpg,1161753,"{}",6,1,"{""name"":""point"",""cx"":973,""cy"":1840}","{}"
097_frontal.jpg,1161753,"{}",6,2,"{""name"":""point"",""cx"":814,""cy"":1284}","{}"
097_frontal.jpg,1161753,"{}",6,3,"{""name"":""point"",""cx"":1073,""cy"":1272}","{}"
097_frontal.jpg,1161753,"{}",6,4,"{""name"":""point"",""cx"":849,""cy"":1594}","{}"
097_frontal.jpg,1161753,"{}",6,5,"{""name"":""point"",""cx"":1081,""cy"":1576}","{}"
098_frontal.jpg,993409,"{}",6,0,"{""name"":""point"",""cx"":1161,""cy"":1045}","{}"
098_frontal.jpg,993409,"{}",6,1,"{""name"":""point"",""cx"":896,""cy"":1936}","{}"
098_frontal.jpg,993409,"{}",6,2,"{""name"":""point"",""cx"":888,""cy"":1446}","{}"
098_frontal.jpg,993409,"{}",6,3,"{""name"":""point"",""cx"":1164,""cy"":1488}","{}"
098_frontal.jpg,993409,"{}",6,4,"{""name"":""point"",""cx"":841,""cy"":1746}","{}"
098_frontal.jpg,993409,"{}",6,5,"{""name"":""point"",""cx"":1064,""cy"":1776}","{}"
099_frontal.jpg,1206449,"{}",6,0,"{""name"":""point"",""cx"":999,""cy"":799}","{}"
099_frontal.jpg,1206449,"{}",6,1,"{""name"":""point"",""cx"":980,""cy"":1856}","{}"
099_frontal.jpg,1206449,"{}",6,2,"{""name"":""point"",""cx"":837,""cy"":1282}","{}"
099_frontal.jpg,1206449,"{}",6,3,"{""name"":""point"",""cx"":1137,""cy"":1264}","{}"
099_frontal.jpg,1206449,"{}",6,4,"{""name"":""point"",""cx"":853,""cy"":1633}","{}"
099_frontal.jpg,1206449,"{}",6,5,"{""name"":""point"",""cx"":1105,""cy"":1622}","{}"
100_frontal.jpg,973693,"{}",6,0,"{""name"":""point"",""cx"":948,""cy"":826}","{}"
100_frontal.jpg,973693,"{}",6,1,"{""name"":""point"",""cx"":948,""cy"":1829}","{}"
100_frontal.jpg,973693,"{}",6,2,"{""name"":""point"",""cx"":812,""cy"":1253}","{}"
100_frontal.jpg,973693,"{}",6,3,"{""name"":""point"",""cx"":1084,""cy"":1276}","{}"
100_frontal.jpg,973693,"{}",6,4,"{""name"":""point"",""cx"":837,""cy"":1591}","{}"
100_frontal.jpg,973693,"{}",6,5,"{""name"":""point"",""cx"":1044,""cy"":1599}","{}"
101_frontal.jpg,809798,"{}",6,0,"{""name"":""point"",""cx"":1011,""cy"":756}","{}"
101_frontal.jpg,809798,"{}",6,1,"{""name"":""point"",""cx"":1023,""cy"":1827}","{}"
101_frontal.jpg,809798,"{}",6,2,"{""name"":""point"",""cx"":884,""cy"":1307}","{}"
101_frontal.jpg,809798,"{}",6,3,"{""name"":""point"",""cx"":1177,""cy"":1324}","{}"
101_frontal.jpg,809798,"{}",6,4,"{""name"":""point"",""cx"":903,""cy"":1625}","{}"
101_frontal.jpg,809798,"{}",6,5,"{""name"":""point"",""cx"":1112,""cy"":1622}","{}"
102_frontal.jpg,1562389,"{}",6,0,"{""name"":""point"",""cx"":1025,""cy"":626}","{}"
102_frontal.jpg,1562389,"{}",6,1,"{""name"":""point"",""cx"":1004,""cy"":1719}","{}"
102_frontal.jpg,1562389,"{}",6,2,"{""name"":""point"",""cx"":847,""cy"":1082}","{}"
102_frontal.jpg,1562389,"{}",6,3,"{""name"":""point"",""cx"":1180,""cy"":1085}","{}"
102_frontal.jpg,1562389,"{}",6,4,"{""name"":""point"",""cx"":887,""cy"":1429}","{}"
102_frontal.jpg,1562389,"{}",6,5,"{""name"":""point"",""cx"":1126,""cy"":1429}","{}"
103_frontal.jpg,1199415,"{}",6,0,"{""name"":""point"",""cx"":1001,""cy"":660}","{}"
103_frontal.jpg,1199415,"{}",6,1,"{""name"":""point"",""cx"":1042,""cy"":1811}","{}"
103_frontal.jpg,1199415,"{}",6,2,"{""name"":""point"",""cx"":885,""cy"":1226}","{}"
103_frontal.jpg,1199415,"{}",6,3,"{""name"":""point"",""cx"":1165,""cy"":1215}","{}"
103_frontal.jpg,1199415,"{}",6,4,"{""name"":""point"",""cx"":940,""cy"":1575}","{}"
103_frontal.jpg,1199415,"{}",6,5,"{""name"":""point"",""cx"":1141,""cy"":1567}","{}"
104_frontal.jpg,1006103,"{}",6,0,"{""name"":""point"",""cx"":1010,""cy"":742}","{}"
104_frontal.jpg,1006103,"{}",6,1,"{""name"":""point"",""cx"":963,""cy"":1774}","{}"
104_frontal.jpg,1006103,"{}",6,2,"{""name"":""point"",""cx"":802,""cy"":1233}","{}"
104_frontal.jpg,1006103,"{}",6,3,"{""name"":""point"",""cx"":1109,""cy"":1254}","{}"
104_frontal.jpg,1006103,"{}",6,4,"{""name"":""point"",""cx"":831,""cy"":1534}","{}"
104_frontal.jpg,1006103,"{}",6,5,"{""name"":""point"",""cx"":1056,""cy"":1537}","{}"
105_frontal.jpg,1202013,"{}",6,0,"{""name"":""point"",""cx"":1002,""cy"":686}","{}"
105_frontal.jpg,1202013,"{}",6,1,"{""name"":""point"",""cx"":1018,""cy"":1639}","{}"
105_frontal.jpg,1202013,"{}",6,2,"{""name"":""point"",""cx"":857,""cy"":1135}","{}"
105_frontal.jpg,1202013,"{}",6,3,"{""name"":""point"",""cx"":1144,""cy"":1123}","{}"
105_frontal.jpg,1202013,"{}",6,4,"{""name"":""point"",""cx"":894,""cy"":1420}","{}"
105_frontal.jpg,1202013,"{}",6,5,"{""name"":""point"",""cx"":1128,""cy"":1410}","{}"
106_frontal.jpg,1116186,"{}",6,0,"{""name"":""point"",""cx"":953,""cy"":876}","{}"
106_frontal.jpg,1116186,"{}",6,1,"{""name"":""point"",""cx"":956,""cy"":2105}","{}"
106_frontal.jpg,1116186,"{}",6,2,"{""name"":""point"",""cx"":810,""cy"":1446}","{}"
106_frontal.jpg,1116186,"{}",6,3,"{""name"":""point"",""cx"":1140,""cy"":1446}","{}"
106_frontal.jpg,1116186,"{}",6,4,"{""name"":""point"",""cx"":843,""cy"":1802}","{}"
106_frontal.jpg,1116186,"{}",6,5,"{""name"":""point"",""cx"":1101,""cy"":1814}","{}"
107_frontal.jpg,1113268,"{}",6,0,"{""name"":""point"",""cx"":994,""cy"":723}","{}"
107_frontal.jpg,1113268,"{}",6,1,"{""name"":""point"",""cx"":1020,""cy"":1747}","{}"
107_frontal.jpg,1113268,"{}",6,2,"{""name"":""point"",""cx"":873,""cy"":1245}","{}"
107_frontal.jpg,1113268,"{}",6,3,"{""name"":""point"",""cx"":1149,""cy"":1227}","{}"
107_frontal.jpg,1113268,"{}",6,4,"{""name"":""point"",""cx"":920,""cy"":1545}","{}"
107_frontal.jpg,1113268,"{}",6,5,"{""name"":""point"",""cx"":1132,""cy"":1530}","{}"
108_frontal.jpg,1027121,"{}",6,0,"{""name"":""point"",""cx"":960,""cy"":661}","{}"
108_frontal.jpg,1027121,"{}",6,1,"{""name"":""point"",""cx"":984,""cy"":1747}","{}"
108_frontal.jpg,1027121,"{}",6,2,"{""name"":""point"",""cx"":823,""cy"":1208}","{}"
108_frontal.jpg,1027121,"{}",6,3,"{""name"":""point"",""cx"":1102,""cy"":1211}","{}"
108_frontal.jpg,1027121,"{}",6,4,"{""name"":""point"",""cx"":850,""cy"":1509}","{}"
108_frontal.jpg,1027121,"{}",6,5,"{""name"":""point"",""cx"":1077,""cy"":1514}","{}"
109_frontal.jpg,1311802,"{}",6,0,"{""name"":""point"",""cx"":937,""cy"":923}","{}"
109_frontal.jpg,1311802,"{}",6,1,"{""name"":""point"",""cx"":1048,""cy"":2045}","{}"
109_frontal.jpg,1311802,"{}",6,2,"{""name"":""point"",""cx"":874,""cy"":1473}","{}"
109_frontal.jpg,1311802,"{}",6,3,"{""name"":""point"",""cx"":1166,""cy"":1451}","{}"
109_frontal.jpg,1311802,"{}",6,4,"{""name"":""point"",""cx"":939,""cy"":1781}","{}"
109_frontal.jpg,1311802,"{}",6,5,"{""name"":""point"",""cx"":1149,""cy"":1773}","{}"
110_frontal.jpg,981026,"{}",6,0,"{""name"":""point"",""cx"":983,""cy"":671}","{}"
110_frontal.jpg,981026,"{}",6,1,"{""name"":""point"",""cx"":1016,""cy"":1756}","{}"
110_frontal.jpg,981026,"{}",6,2,"{""name"":""point"",""cx"":854,""cy"":1215}","{}"
110_frontal.jpg,981026,"{}",6,3,"{""name"":""point"",""cx"":1134,""cy"":1204}","{}"
110_frontal.jpg,981026,"{}",6,4,"{""name"":""point"",""cx"":890,""cy"":1523}","{}"
110_frontal.jpg,981026,"{}",6,5,"{""name"":""point"",""cx"":1134,""cy"":1501}","{}"
111_frontal.jpg,1141750,"{}",6,0,"{""name"":""point"",""cx"":986,""cy"":817}","{}"
111_frontal.jpg,1141750,"{}",6,1,"{""name"":""point"",""cx"":989,""cy"":1882}","{}"
111_frontal.jpg,1141750,"{}",6,2,"{""name"":""point"",""cx"":849,""cy"":1346}","{}"
111_frontal.jpg,1141750,"{}",6,3,"{""name"":""point"",""cx"":1128,""cy"":1351}","{}"
111_frontal.jpg,1141750,"{}",6,4,"{""name"":""point"",""cx"":854,""cy"":1634}","{}"
111_frontal.jpg,1141750,"{}",6,5,"{""name"":""point"",""cx"":1114,""cy"":1636}","{}"
112_frontal.jpg,1336704,"{}",6,0,"{""name"":""point"",""cx"":931,""cy"":963}","{}"
112_frontal.jpg,1336704,"{}",6,1,"{""name"":""point"",""cx"":981,""cy"":2037}","{}"
112_frontal.jpg,1336704,"{}",6,2,"{""name"":""point"",""cx"":809,""cy"":1421}","{}"
112_frontal.jpg,1336704,"{}",6,3,"{""name"":""point"",""cx"":1095,""cy"":1407}","{}"
112_frontal.jpg,1336704,"{}",6,4,"{""name"":""point"",""cx"":858,""cy"":1783}","{}"
112_frontal.jpg,1336704,"{}",6,5,"{""name"":""point"",""cx"":1098,""cy"":1759}","{}"
113_frontal.jpg,1062767,"{}",6,0,"{""name"":""point"",""cx"":940,""cy"":704}","{}"
113_frontal.jpg,1062767,"{}",6,1,"{""name"":""point"",""cx"":951,""cy"":1778}","{}"
113_frontal.jpg,1062767,"{}",6,2,"{""name"":""point"",""cx"":807,""cy"":1198}","{}"
113_frontal.jpg,1062767,"{}",6,3,"{""name"":""point"",""cx"":1087,""cy"":1192}","{}"
113_frontal.jpg,1062767,"{}",6,4,"{""name"":""point"",""cx"":845,""cy"":1526}","{}"
113_frontal.jpg,1062767,"{}",6,5,"{""name"":""point"",""cx"":1052,""cy"":1515}","{}"
114_frontal.jpg,1717022,"{}",6,0,"{""name"":""point"",""cx"":978,""cy"":804}","{}"
114_frontal.jpg,1717022,"{}",6,1,"{""name"":""point"",""cx"":1039,""cy"":1949}","{}"
114_frontal.jpg,1717022,"{}",6,2,"{""name"":""point"",""cx"":859,""cy"":1300}","{}"
114_frontal.jpg,1717022,"{}",6,3,"{""name"":""point"",""cx"":1211,""cy"":1297}","{}"
114_frontal.jpg,1717022,"{}",6,4,"{""name"":""point"",""cx"":912,""cy"":1658}","{}"
114_frontal.jpg,1717022,"{}",6,5,"{""name"":""point"",""cx"":1178,""cy"":1655}","{}"
115_frontal.jpg,1042093,"{}",6,0,"{""name"":""point"",""cx"":928,""cy"":914}","{}"
115_frontal.jpg,1042093,"{}",6,1,"{""name"":""point"",""cx"":1083,""cy"":2066}","{}"
115_frontal.jpg,1042093,"{}",6,2,"{""name"":""point"",""cx"":846,""cy"":1483}","{}"
115_frontal.jpg,1042093,"{}",6,3,"{""name"":""point"",""cx"":1149,""cy"":1459}","{}"
115_frontal.jpg,1042093,"{}",6,4,"{""name"":""point"",""cx"":920,""cy"":1829}","{}"
115_frontal.jpg,1042093,"{}",6,5,"{""name"":""point"",""cx"":1162,""cy"":1807}","{}"
116_frontal.jpg,1268304,"{}",6,0,"{""name"":""point"",""cx"":913,""cy"":899}","{}"
116_frontal.jpg,1268304,"{}",6,1,"{""name"":""point"",""cx"":925,""cy"":1892}","{}"
116_frontal.jpg,1268304,"{}",6,2,"{""name"":""point"",""cx"":789,""cy"":1375}","{}"
116_frontal.jpg,1268304,"{}",6,3,"{""name"":""point"",""cx"":1060,""cy"":1358}","{}"
116_frontal.jpg,1268304,"{}",6,4,"{""name"":""point"",""cx"":824,""cy"":1687}","{}"
116_frontal.jpg,1268304,"{}",6,5,"{""name"":""point"",""cx"":1034,""cy"":1672}","{}"
117_frontal.jpg,1022141,"{}",6,0,"{""name"":""point"",""cx"":1034,""cy"":890}","{}"
117_frontal.jpg,1022141,"{}",6,1,"{""name"":""point"",""cx"":1002,""cy"":1997}","{}"
117_frontal.jpg,1022141,"{}",6,2,"{""name"":""point"",""cx"":865,""cy"":1452}","{}"
117_frontal.jpg,1022141,"{}",6,3,"{""name"":""point"",""cx"":1153,""cy"":1471}","{}"
117_frontal.jpg,1022141,"{}",6,4,"{""name"":""point"",""cx"":873,""cy"":1769}","{}"
117_frontal.jpg,1022141,"{}",6,5,"{""name"":""point"",""cx"":1129,""cy"":1769}","{}"
118_frontal.jpg,905148,"{}",6,0,"{""name"":""point"",""cx"":978,""cy"":790}","{}"
118_frontal.jpg,905148,"{}",6,1,"{""name"":""point"",""cx"":1057,""cy"":1809}","{}"
118_frontal.jpg,905148,"{}",6,2,"{""name"":""point"",""cx"":879,""cy"":1309}","{}"
118_frontal.jpg,905148,"{}",6,3,"{""name"":""point"",""cx"":1170,""cy"":1293}","{}"
118_frontal.jpg,905148,"{}",6,4,"{""name"":""point"",""cx"":912,""cy"":1625}","{}"
118_frontal.jpg,905148,"{}",6,5,"{""name"":""point"",""cx"":1156,""cy"":1606}","{}"
119_frontal.jpg,877397,"{}",6,0,"{""name"":""point"",""cx"":1066,""cy"":950}","{}"
119_frontal.jpg,877397,"{}",6,1,"{""name"":""point"",""cx"":1015,""cy"":1900}","{}"
119_frontal.jpg,877397,"{}",6,2,"{""name"":""point"",""cx"":922,""cy"":1403}","{}"
119_frontal.jpg,877397,"{}",6,3,"{""name"":""point"",""cx"":1180,""cy"":1431}","{}"
119_frontal.jpg,877397,"{}",6,4,"{""name"":""point"",""cx"":913,""cy"":1693}","{}"
119_frontal.jpg,877397,"{}",6,5,"{""name"":""point"",""cx"":1115,""cy"":1709}","{}"
120_frontal.jpg,959869,"{}",6,0,"{""name"":""point"",""cx"":1015,""cy"":1024}","{}"
120_frontal.jpg,959869,"{}",6,1,"{""name"":""point"",""cx"":997,""cy"":2064}","{}"
120_frontal.jpg,959869,"{}",6,2,"{""name"":""point"",""cx"":864,""cy"":1549}","{}"
120_frontal.jpg,959869,"{}",6,3,"{""name"":""point"",""cx"":1122,""cy"":1554}","{}"
120_frontal.jpg,959869,"{}",6,4,"{""name"":""point"",""cx"":892,""cy"":1860}","{}"
120_frontal.jpg,959869,"{}",6,5,"{""name"":""point"",""cx"":1083,""cy"":1860}","{}"
121_frontal.jpg,984860,"{}",6,0,"{""name"":""point"",""cx"":1064,""cy"":945}","{}"
121_frontal.jpg,984860,"{}",6,1,"{""name"":""point"",""cx"":1039,""cy"":1830}","{}"
121_frontal.jpg,984860,"{}",6,2,"{""name"":""point"",""cx"":906,""cy"":1318}","{}"
121_frontal.jpg,984860,"{}",6,3,"{""name"":""point"",""cx"":1185,""cy"":1336}","{}"
121_frontal.jpg,984860,"{}",6,4,"{""name"":""point"",""cx"":958,""cy"":1612}","{}"
121_frontal.jpg,984860,"{}",6,5,"{""name"":""point"",""cx"":1136,""cy"":1621}","{}"
122_frontal.jpg,959438,"{}",6,0,"{""name"":""point"",""cx"":1111,""cy"":964}","{}"
122_frontal.jpg,959438,"{}",6,1,"{""name"":""point"",""cx"":945,""cy"":1975}","{}"
122_frontal.jpg,959438,"{}",6,2,"{""name"":""point"",""cx"":894,""cy"":1400}","{}"
122_frontal.jpg,959438,"{}",6,3,"{""name"":""point"",""cx"":1189,""cy"":1432}","{}"
122_frontal.jpg,959438,"{}",6,4,"{""name"":""point"",""cx"":878,""cy"":1736}","{}"
122_frontal.jpg,959438,"{}",6,5,"{""name"":""point"",""cx"":1101,""cy"":1760}","{}"
123_frontal.jpg,1085371,"{}",6,0,"{""name"":""point"",""cx"":948,""cy"":901}","{}"
123_frontal.jpg,1085371,"{}",6,1,"{""name"":""point"",""cx"":1063,""cy"":1910}","{}"
123_frontal.jpg,1085371,"{}",6,2,"{""name"":""point"",""cx"":854,""cy"":1411}","{}"
123_frontal.jpg,1085371,"{}",6,3,"{""name"":""point"",""cx"":1126,""cy"":1374}","{}"
123_frontal.jpg,1085371,"{}",6,4,"{""name"":""point"",""cx"":933,""cy"":1709}","{}"
123_frontal.jpg,1085371,"{}",6,5,"{""name"":""point"",""cx"":1155,""cy"":1678}","{}"
124_frontal.jpg,1128199,"{}",6,0,"{""name"":""point"",""cx"":1029,""cy"":649}","{}"
124_frontal.jpg,1128199,"{}",6,1,"{""name"":""point"",""cx"":1034,""cy"":1827}","{}"
124_frontal.jpg,1128199,"{}",6,2,"{""name"":""point"",""cx"":871,""cy"":1225}","{}"
124_frontal.jpg,1128199,"{}",6,3,"{""name"":""point"",""cx"":1200,""cy"":1225}","{}"
124_frontal.jpg,1128199,"{}",6,4,"{""name"":""point"",""cx"":908,""cy"":1562}","{}"
124_frontal.jpg,1128199,"{}",6,5,"{""name"":""point"",""cx"":1153,""cy"":1578}","{}"
125_frontal.jpg,929231,"{}",6,0,"{""name"":""point"",""cx"":1117,""cy"":875}","{}"
125_frontal.jpg,929231,"{}",6,1,"{""name"":""point"",""cx"":946,""cy"":1929}","{}"
125_frontal.jpg,929231,"{}",6,2,"{""name"":""point"",""cx"":895,""cy"":1347}","{}"
125_frontal.jpg,929231,"{}",6,3,"{""name"":""point"",""cx"":1162,""cy"":1398}","{}"
125_frontal.jpg,929231,"{}",6,4,"{""name"":""point"",""cx"":878,""cy"":1691}","{}"
125_frontal.jpg,929231,"{}",6,5,"{""name"":""point"",""cx"":1077,""cy"":1731}","{}"
126_frontal.jpg,1137701,"{}",6,0,"{""name"":""point"",""cx"":906,""cy"":941}","{}"
126_frontal.jpg,1137701,"{}",6,1,"{""name"":""point"",""cx"":953,""cy"":2073}","{}"
126_frontal.jpg,1137701,"{}",6,2,"{""name"":""point"",""cx"":796,""cy"":1518}","{}"
126_frontal.jpg,1137701,"{}",6,3,"{""name"":""point"",""cx"":1087,""cy"":1507}","{}"
126_frontal.jpg,1137701,"{}",6,4,"{""name"":""point"",""cx"":829,""cy"":1834}","{}"
126_frontal.jpg,1137701,"{}",6,5,"{""name"":""point"",""cx"":1063,""cy"":1831}","{}"
127_frontal.jpg,1130799,"{}",6,0,"{""name"":""point"",""cx"":1003,""cy"":813}","{}"
127_frontal.jpg,1130799,"{}",6,1,"{""name"":""point"",""cx"":1068,""cy"":1978}","{}"
127_frontal.jpg,1130799,"{}",6,2,"{""name"":""point"",""cx"":880,""cy"":1368}","{}"
127_frontal.jpg,1130799,"{}",6,3,"{""name"":""point"",""cx"":1183,""cy"":1354}","{}"
127_frontal.jpg,1130799,"{}",6,4,"{""name"":""point"",""cx"":934,""cy"":1718}","{}"
127_frontal.jpg,1130799,"{}",6,5,"{""name"":""point"",""cx"":1164,""cy"":1702}","{}"
128_frontal.jpg,1008854,"{}",6,0,"{""name"":""point"",""cx"":1146,""cy"":901}","{}"
128_frontal.jpg,1008854,"{}",6,1,"{""name"":""point"",""cx"":998,""cy"":2074}","{}"
128_frontal.jpg,1008854,"{}",6,2,"{""name"":""point"",""cx"":913,""cy"":1434}","{}"
128_frontal.jpg,1008854,"{}",6,3,"{""name"":""point"",""cx"":1225,""cy"":1468}","{}"
128_frontal.jpg,1008854,"{}",6,4,"{""name"":""point"",""cx"":911,""cy"":1771}","{}"
128_frontal.jpg,1008854,"{}",6,5,"{""name"":""point"",""cx"":1132,""cy"":1810}","{}"
129_frontal.jpg,1290889,"{}",6,0,"{""name"":""point"",""cx"":942,""cy"":749}","{}"
129_frontal.jpg,1290889,"{}",6,1,"{""name"":""point"",""cx"":1049,""cy"":1851}","{}"
129_frontal.jpg,1290889,"{}",6,2,"{""name"":""point"",""cx"":845,""cy"":1307}","{}"
129_frontal.jpg,1290889,"{}",6,3,"{""name"":""point"",""cx"":1138,""cy"":1276}","{}"
129_frontal.jpg,1290889,"{}",6,4,"{""name"":""point"",""cx"":892,""cy"":1630}","{}"
129_frontal.jpg,1290889,"{}",6,5,"{""name"":""point"",""cx"":1121,""cy"":1608}","{}"
130_frontal.jpg,1001585,"{}",6,0,"{""name"":""point"",""cx"":1014,""cy"":853}","{}"
130_frontal.jpg,1001585,"{}",6,1,"{""name"":""point"",""cx"":1016,""cy"":1920}","{}"
130_frontal.jpg,1001585,"{}",6,2,"{""name"":""point"",""cx"":868,""cy"":1364}","{}"
130_frontal.jpg,1001585,"{}",6,3,"{""name"":""point"",""cx"":1173,""cy"":1367}","{}"
130_frontal.jpg,1001585,"{}",6,4,"{""name"":""point"",""cx"":894,""cy"":1675}","{}"
130_frontal.jpg,1001585,"{}",6,5,"{""name"":""point"",""cx"":1131,""cy"":1678}","{}"